Sub,run,task,fname,efc,fber,dvars_std,dvars_vstd,tsnr,fd_mean,gsr_x,gsr_y,aor,aqi,is_outlier
sub-135,03,trust,sub-135_task-trust_run-03_bold.json,0.5375640531142009,1637.44580078125,1.1795728487037043,1.029764611805556,54.17262268066406,0.36522858674062164,-0.012143224477767944,0.051675014197826385,0.005035668202764977,0.010636111843317973,False
sub-135,04,trust,sub-135_task-trust_run-04_bold.json,0.5377413936988432,1618.478271484375,1.1615236760930236,1.0132681880930228,58.534828186035156,0.36895408435396515,-0.010977422818541527,0.05296030268073082,0.004002592592592592,0.009191067685185185,False
sub-135,01,trust,sub-135_task-trust_run-01_bold.json,0.5357211903755211,1655.3302001953125,1.1605528111162793,1.0143962941395348,64.01618957519531,0.27226012029538754,-0.011679927818477154,0.05067851021885872,0.0037496759259259263,0.008279329074074073,False
sub-135,05,trust,sub-135_task-trust_run-05_bold.json,0.5379955878837478,1620.9779052734375,1.112167393906977,0.982915820837209,50.171573638916016,0.3165852375507781,-0.011026320047676563,0.05302181839942932,0.003302037037037037,0.012740042546296296,False
sub-135,02,trust,sub-135_task-trust_run-02_bold.json,0.536265344534654,1642.447998046875,1.1866298683644854,1.0248180776635512,63.933895111083984,0.31984885137171043,-0.011577501893043518,0.05164557322859764,0.0029426976744186054,0.007789155674418605,False
sub-118,01,trust,sub-118_task-trust_run-01_bold.json,0.5190239789866476,1948.0185546875,1.1818440004629636,1.0102693569907402,80.84527587890625,0.141330522547494,0.004239554982632399,0.029754268005490303,0.0018295852534562212,0.004891855576036867,False
sub-118,02,trust,sub-118_task-trust_run-02_bold.json,0.5199269185859714,1912.5440673828125,1.3031428335185185,1.1350684640740734,51.43991470336914,0.33051764352170315,0.003953614737838507,0.029751833528280258,0.01431267281105991,0.012695579447004607,False
sub-118,04,trust,sub-118_task-trust_run-04_bold.json,0.5156760214742899,1943.5262451171875,1.1967655940186916,1.0594096846261678,40.14093780517578,0.4385955322811277,0.005814624484628439,0.03120923414826393,0.023657860465116278,0.027574245395348845,False
sub-118,05,trust,sub-118_task-trust_run-05_bold.json,0.5154858268543925,1941.990478515625,1.3672185963888892,1.210492984722222,37.2830810546875,0.5876866486486283,0.006602054461836815,0.033026695251464844,0.022454746543778804,0.021165154193548384,False
sub-118,03,trust,sub-118_task-trust_run-03_bold.json,0.5196115662543794,1969.0125732421875,1.2809334828703702,1.1272893894907408,34.34931182861328,0.7421499933476227,0.004234533756971359,0.028357822448015213,0.020978940092165894,0.027420601751152074,True
sub-107,04,trust,sub-107_task-trust_run-04_bold.json,0.5496369238408234,1790.455810546875,1.4055235306046507,1.0228577874418607,82.28443145751953,0.12203567837607956,-3.586425373214297e-05,0.03312137722969055,0.001967361111111111,0.004224365324074074,False
sub-107,01,trust,sub-107_task-trust_run-01_bold.json,0.5483037123245391,1827.9862060546875,1.4339704436744183,1.0019618692558137,73.22396087646484,0.10044541612284842,0.0002386133564868942,0.03173353895545006,0.0015405555555555556,0.005608640648148149,False
sub-107,02,trust,sub-107_task-trust_run-02_bold.json,0.5493954483855397,1797.2313232421875,1.4464427074418604,1.0253371335348838,78.07671356201172,0.10894509481189978,0.0002912988420575857,0.03221739083528519,0.0036724074074074072,0.004778448055555555,False
sub-107,03,trust,sub-107_task-trust_run-03_bold.json,0.5492040360149337,1799.7725830078125,1.4431914317129635,1.0342891112962962,86.11011505126953,0.11338375950373045,6.122146442066878e-05,0.032669197767972946,0.002419400921658986,0.003916679493087558,False
sub-107,05,trust,sub-107_task-trust_run-05_bold.json,0.5500057669998278,1783.40478515625,1.383721291767442,1.0176574460465118,78.27523803710938,0.10678046999881287,0.00013891384878661484,0.03247954696416855,0.0017892592592592595,0.004566228842592592,False
sub-113,03,trust,sub-113_task-trust_run-03_bold.json,0.4968923070013048,2535.564697265625,1.2645050726976743,1.0019511653488373,86.74118041992188,0.162829040561559,-0.004248227458447218,0.04412224143743515,0.0018956944444444444,0.0056400037962962965,False
sub-113,02,trust,sub-113_task-trust_run-02_bold.json,0.49634959610227075,2585.730224609375,1.2281929287441866,0.9840615557209302,74.83712768554688,0.14109902577689634,-0.0038050608709454536,0.0437539778649807,0.0022149999999999995,0.008558906527777778,False
sub-113,05,trust,sub-113_task-trust_run-05_bold.json,0.5000278797697457,2499.582763671875,1.2804702941395354,0.9619817398139536,71.62281799316406,0.15624861091980632,-0.005851026624441147,0.04576057568192482,0.0010537037037037038,0.009510017962962962,False
sub-113,01,trust,sub-113_task-trust_run-01_bold.json,0.49415200709242807,2597.8681640625,1.130417933395349,0.946361038232558,64.04375457763672,0.14739085750053352,-0.002963123144581914,0.041978977620601654,0.0015178703703703706,0.011078075,False
sub-113,04,trust,sub-113_task-trust_run-04_bold.json,0.498119529104082,2526.015380859375,1.3154121279069775,1.0058916813023258,78.70765686035156,0.17760275618246724,-0.004952326416969299,0.04499685764312744,0.0020499537037037036,0.007059388657407407,False
sub-106,03,trust,sub-106_task-trust_run-03_bold.json,0.5151021000756189,1996.186279296875,1.139461516,0.9943114718604649,81.16780853271484,0.23499583510833924,-0.004254624247550964,0.022297820076346397,0.0008954166666666666,0.004956949675925926,False
sub-106,01,trust,sub-106_task-trust_run-01_bold.json,0.5156437285295788,1996.4267578125,1.1500729224186046,0.9907176000930237,77.44898223876953,0.19751371347659064,-0.003919249400496483,0.02272002026438713,0.0008972685185185187,0.005574753333333333,False
sub-106,02,trust,sub-106_task-trust_run-02_bold.json,0.5144482581489757,2016.47705078125,1.1486323784186043,1.0046806825581396,77.86819458007812,0.20575539028191664,-0.00370358326472342,0.022114207968115807,0.0016158333333333335,0.0054054678240740735,False
sub-132,03,trust,sub-132_task-trust_run-03_bold.json,0.5180950156036671,2026.4339599609375,1.2776676836915888,1.0180247757476633,58.82134246826172,0.30090551156119755,-0.009499894455075264,0.032219503074884415,0.004200651162790698,0.009608091674418603,False
sub-132,01,trust,sub-132_task-trust_run-01_bold.json,0.5177512490888796,2050.935302734375,1.3675696384651164,0.9980934874883726,68.49742889404297,0.25855183710877133,-0.009349779225885868,0.031507983803749084,0.0015407407407407407,0.007592078287037037,False
sub-132,05,trust,sub-132_task-trust_run-05_bold.json,0.5151643406673805,2149.7392578125,1.1841146504651163,0.9767999128372089,50.753604888916016,0.2916995832872732,-0.00606511952355504,0.031686197966337204,0.0031284722222222226,0.014035164166666666,False
sub-132,02,trust,sub-132_task-trust_run-02_bold.json,0.5105997599935963,2350.513671875,1.2545523260465115,1.0248272083720933,59.50249481201172,0.2842924925513947,-0.0026909192092716694,0.030335742980241776,0.00505,0.010020484490740741,False
sub-132,04,trust,sub-132_task-trust_run-04_bold.json,0.5147171104442588,2149.593994140625,1.2053060694418614,1.0144626739999998,57.76280212402344,0.2961414329089915,-0.005888653919100761,0.030796058475971222,0.004942592592592593,0.010098368657407408,False
sub-112,02,trust,sub-112_task-trust_run-02_bold.json,0.5299983483705564,1934.9454345703125,1.1908226338425925,0.9931640035648144,81.68766784667969,0.12824121867596727,-0.0008117867400869727,0.03006301447749138,0.0007563594470046084,0.006332403732718895,False
sub-112,05,trust,sub-112_task-trust_run-05_bold.json,0.5291870557875077,1943.7161865234375,1.2077143897209306,0.9956850713953498,70.17597961425781,0.20069000787123425,-9.779957326827571e-05,0.030756190419197083,0.0011344907407407408,0.00828022388888889,False
sub-112,03,trust,sub-112_task-trust_run-03_bold.json,0.5294207737197603,1940.1612548828125,1.1852995015348833,0.9807774226976744,78.18336486816406,0.15483826199624887,-0.0008184450562112033,0.029987679794430733,0.0007183796296296297,0.006414233101851852,False
sub-112,04,trust,sub-112_task-trust_run-04_bold.json,0.5298868114260445,1941.8271484375,1.201975511851852,0.9996131205092597,75.76393127441406,0.1853012052225596,-0.0008254809072241187,0.030583709478378296,0.0011279723502304149,0.006948888801843319,False
sub-112,01,trust,sub-112_task-trust_run-01_bold.json,0.5297402303222583,1955.063720703125,1.1975883086111108,1.0018418404166667,85.4916763305664,0.11687972598692901,-0.0010689795017242432,0.030596422031521797,0.001081705069124424,0.005560817972350232,False
sub-134,01,trust,sub-134_task-trust_run-01_bold.json,0.5361880850174892,1364.8155517578125,1.1757776974766359,0.9717397259813081,42.37776184082031,0.21482143935502138,-0.010911326855421066,0.03207724541425705,0.005581441860465116,0.02084982069767442,False
sub-134,03,trust,sub-134_task-trust_run-03_bold.json,0.5363883824580784,1353.1790771484375,1.2427424955092594,1.0009824792129633,50.328792572021484,0.2643227347792288,-0.011289979331195354,0.03102847747504711,0.002102534562211981,0.01327601921658986,False
sub-134,04,trust,sub-134_task-trust_run-04_bold.json,0.536502354904007,1372.24560546875,1.187734255813954,0.9749819270232561,43.83501052856445,0.3262447922310719,-0.011216538026928902,0.030909322202205658,0.002361435185185185,0.0178030725,False
sub-134,02,trust,sub-134_task-trust_run-02_bold.json,0.5356807790927541,1393.730712890625,1.239511725023256,1.020013299488372,50.064308166503906,0.22496786165889723,-0.01124140340834856,0.03136938065290451,0.0038005555555555553,0.013283100694444445,False
sub-134,05,trust,sub-134_task-trust_run-05_bold.json,0.5376587219563078,1364.50390625,1.1935576825925924,0.9861750129629627,42.91823959350586,0.3408757475161753,-0.011235254816710949,0.02987300045788288,0.0020383410138248848,0.01808636668202765,False
sub-131,04,trust,sub-131_task-trust_run-04_bold.json,0.5587796157518182,1375.41796875,1.200085238611111,1.068951291898148,34.595523834228516,0.5259050775512492,-0.004941032733768225,0.06408039480447769,0.01192193548387097,0.02523899737327189,True
sub-131,01,trust,sub-131_task-trust_run-01_bold.json,0.5608488899185002,1352.9959716796875,1.1232249131627912,1.0009396791627907,36.998844146728516,0.416614865209041,-0.008277162909507751,0.06946554034948349,0.008457314814814815,0.01985137625,True
sub-131,02,trust,sub-131_task-trust_run-02_bold.json,0.5623312533456218,1330.1905517578125,1.2266461271759252,1.0827484114814814,34.65442657470703,0.6819644666274612,-0.008752834051847458,0.06787599623203278,0.015962027649769586,0.022526514331797233,True
sub-131,03,trust,sub-131_task-trust_run-03_bold.json,0.5633003122982226,1339.5947265625,1.1335111602777777,0.9914163785185186,31.238361358642578,0.7910256143187898,-0.009331924840807915,0.06755125522613525,0.005765299539170507,0.031157923041474658,True
sub-131,05,trust,sub-131_task-trust_run-05_bold.json,0.5587760076015712,1378.5008544921875,1.1776048804166666,1.0310059612962965,32.071163177490234,0.8055201709906454,-0.004204982426017523,0.06409887969493866,0.009580829493087558,0.02610129949308756,True
sub-125,01,trust,sub-125_task-trust_run-01_bold.json,0.5080431149322943,1958.5166015625,1.1960601618604656,0.9857529086511628,87.85447692871094,0.1314441232140542,-0.015378927811980247,0.03783488646149635,0.0012256944444444444,0.004868525416666666,False
sub-125,04,trust,sub-125_task-trust_run-04_bold.json,0.5101661054357792,1919.5804443359375,1.281671080330188,0.9869782433962261,80.87114715576172,0.11087791659979591,-0.01563640683889389,0.03830007463693619,0.0013332394366197184,0.005867115211267606,False
sub-125,03,trust,sub-125_task-trust_run-03_bold.json,0.5098977492611549,1920.8055419921875,1.3276279395327106,1.0248185662616824,86.60713958740234,0.11538555954268989,-0.015567147172987461,0.038321830332279205,0.002155441860465116,0.004949935069767443,False
sub-125,05,trust,sub-125_task-trust_run-05_bold.json,0.5103027190245081,1911.7835693359375,1.3294354004205613,1.0203272886448593,91.82756042480469,0.10758909080132015,-0.015676774084568024,0.03876418620347977,0.0016110697674418606,0.004777466186046512,False
sub-125,02,trust,sub-125_task-trust_run-02_bold.json,0.508679863247142,1937.6829833984375,1.255977193116279,1.013283501348837,79.9127426147461,0.14239884956201476,-0.01562477182596922,0.03762837499380112,0.0032639351851851853,0.005649607453703704,False
sub-136,03,trust,sub-136_task-trust_run-03_bold.json,0.517949020824296,2062.6376953125,1.3081595450925934,0.9573909067129628,58.30742645263672,0.17184329185234087,-0.013973252847790718,0.04211802780628204,0.0016162672811059907,0.013796670368663595,False
sub-136,02,trust,sub-136_task-trust_run-02_bold.json,0.5183623344350953,2082.334716796875,1.4051161158333338,1.0625640929166669,56.86637878417969,0.2050173079804995,-0.01467637624591589,0.04253779351711273,0.00681700460829493,0.014171138709677419,False
sub-136,01,trust,sub-136_task-trust_run-01_bold.json,0.5182940501916699,2100.33154296875,1.4335409190232562,0.997886308558139,61.12724304199219,0.1452744962635779,-0.0141793517395854,0.04180263727903366,0.00584263888888889,0.012587138564814814,False
sub-105,05,trust,sub-105_task-trust_run-05_bold.json,0.5280054767853557,2503.89501953125,1.287940591534883,1.0081336813953483,93.099609375,0.08694778466234039,-0.0012401584535837173,0.026651296764612198,0.0016496759259259262,0.005654974166666666,False
sub-105,01,trust,sub-105_task-trust_run-01_bold.json,0.5265034489393877,2591.5615234375,1.4979990948148156,0.9946918764814813,78.70590209960938,0.08516124834615474,-0.0007828939706087112,0.024891048669815063,0.003155391705069124,0.007905129677419354,False
sub-105,02,trust,sub-105_task-trust_run-02_bold.json,0.5266219766750032,2547.538330078125,1.4599062443809525,1.0067679458571424,101.62152099609375,0.0749581200767886,-0.000641405931673944,0.024854812771081924,0.000974644549763033,0.0045469700947867306,False
sub-105,03,trust,sub-105_task-trust_run-03_bold.json,0.5269418842962821,2530.361328125,1.322189343584906,1.0086259327358487,100.06999206542969,0.07891458039656339,-0.0010300233261659741,0.025136614218354225,0.001197230046948357,0.0047745646948356806,False
sub-105,04,trust,sub-105_task-trust_run-04_bold.json,0.5282963387971458,2498.269775390625,1.3066288338888883,1.0166620521296297,96.02342224121094,0.09484163081715534,-0.00125198345631361,0.026569867506623268,0.0020254838709677417,0.005216910552995392,False
sub-108,01,trust,sub-108_task-trust_run-01_bold.json,0.47283293564459855,2839.25439453125,1.0812930623831778,0.9560383449532708,74.42008972167969,0.10050050352715569,-0.01217209454625845,0.04117746278643608,0.0010451162790697675,0.007884872139534883,False
sub-108,04,trust,sub-108_task-trust_run-04_bold.json,0.47417909139989406,2755.5947265625,1.0727913009767442,0.9809610626046511,73.29238891601562,0.12538873852758117,-0.012817049399018288,0.04168393835425377,0.0028681018518518517,0.008381176342592592,False
sub-108,02,trust,sub-108_task-trust_run-02_bold.json,0.47364973065677407,2783.24609375,1.0528720681860462,0.9600733724186046,79.11067199707031,0.09413283815273757,-0.012883573770523071,0.041496045887470245,0.00314087962962963,0.006932748472222223,False
sub-108,03,trust,sub-108_task-trust_run-03_bold.json,0.47398177068325864,2764.026611328125,0.9495032260747669,0.8896839610280375,61.08555221557617,0.10381379129856926,-0.012947475537657738,0.04251253977417946,0.001224186046511628,0.012093695209302325,False
sub-108,05,trust,sub-108_task-trust_run-05_bold.json,0.4751935679437297,2717.5302734375,1.0944136323364482,0.9776938468691588,66.15349578857422,0.1560647520592915,-0.012828546576201916,0.04168011620640755,0.0034988837209302326,0.009804225348837209,False
sub-111,01,trust,sub-111_task-trust_run-01_bold.json,0.5452178869276294,1775.41357421875,1.0997890199069769,0.9802453689302316,44.168724060058594,0.4262088487213605,0.004953787196427584,0.0460941419005394,0.003475324074074074,0.01562725759259259,False
sub-111,04,trust,sub-111_task-trust_run-04_bold.json,0.5458316332846523,1741.2117919921875,1.1579500155348836,1.032972339534884,35.3444938659668,0.4894370100724166,0.006231363397091627,0.04566898196935654,0.01373310185185185,0.021371098472222225,False
sub-111,02,trust,sub-111_task-trust_run-02_bold.json,0.5463846274118905,1750.935302734375,1.0936562274418598,0.974993583023256,51.89378356933594,0.30253966350601325,0.004931259900331497,0.047655679285526276,0.004350092592592593,0.010210927037037036,False
sub-111,05,trust,sub-111_task-trust_run-05_bold.json,0.5465253903734034,1742.59130859375,1.1568228665094338,1.0060089852830185,54.2189826965332,0.36198970273247777,0.0057811071164906025,0.04531903937458992,0.002986338028169014,0.00894961676056338,False
sub-111,03,trust,sub-111_task-trust_run-03_bold.json,0.54547311845573,1761.985595703125,1.1132219501408456,0.9629996725821597,52.50001907348633,0.28238258468933414,0.005692680366337299,0.0475526787340641,0.002106448598130841,0.0110768511682243,False
sub-128,02,trust,sub-128_task-trust_run-02_bold.json,0.5591067847754693,1490.903076171875,1.168258192651162,0.9758532964651166,64.90946197509766,0.2912064726987631,-0.0027684394735842943,0.04034653678536415,0.000722175925925926,0.00835669,False
sub-128,03,trust,sub-128_task-trust_run-03_bold.json,0.559895030298815,1473.8076171875,1.165120781488372,0.9709006923255813,59.50460433959961,0.34825046637149915,-0.003172806929796934,0.040901731699705124,0.0008581481481481481,0.009803174722222223,False
sub-128,04,trust,sub-128_task-trust_run-04_bold.json,0.559943108900857,1457.523193359375,1.1708586373488372,0.9816232012093028,62.17449188232422,0.34221976748366717,-0.0032087876461446285,0.04064963757991791,0.0010499537037037038,0.008682621851851853,False
sub-128,01,trust,sub-128_task-trust_run-01_bold.json,0.5586610880162027,1506.8736572265625,1.151995128785046,0.9648904090654202,61.11054229736328,0.294221591032888,-0.0029436468612402678,0.039153169840574265,0.0009946046511627906,0.010078734511627909,False
sub-128,05,trust,sub-128_task-trust_run-05_bold.json,0.5605409342949147,1457.1956787109375,1.1942732790697672,0.9872913938139544,59.89672088623047,0.3672581878755529,-0.0038141836412250996,0.04198325797915459,0.001095,0.00966233300925926,False
sub-127,03,trust,sub-127_task-trust_run-03_bold.json,0.5375715851278415,1940.6097412109375,1.4040699196279074,1.006270229860465,79.9382095336914,0.17035514509274877,-0.016536962240934372,0.04210566729307175,0.002083148148148148,0.00641279787037037,False
sub-127,01,trust,sub-127_task-trust_run-01_bold.json,0.5354555854154603,2021.4044189453125,1.4186276446511628,0.9957530144651161,76.15048217773438,0.17069383749722666,-0.015703681856393814,0.04003649204969406,0.0017915740740740741,0.007183825046296297,False
sub-127,05,trust,sub-127_task-trust_run-05_bold.json,0.5378647924372923,1934.2860107421875,1.3704278778139536,0.9969805869302328,75.5337142944336,0.19747534052171803,-0.016516726464033127,0.04251215234398842,0.0018993055555555558,0.007086563564814814,False
sub-127,04,trust,sub-127_task-trust_run-04_bold.json,0.5378241105432569,1923.817138671875,1.3588538002325574,0.9927871989302319,67.47411346435547,0.20647323229318065,-0.01649359054863453,0.041966669261455536,0.003277361111111111,0.008986225231481482,False
sub-127,02,trust,sub-127_task-trust_run-02_bold.json,0.536323165142363,1984.7664794921875,1.3744133499069777,0.9896323945581391,72.61737823486328,0.19377831224204628,-0.01607128605246544,0.040641963481903076,0.001489675925925926,0.007815230324074074,False
sub-115,04,trust,sub-115_task-trust_run-04_bold.json,0.49913382524040534,2629.40087890625,1.2159801647906971,1.0123105168372095,73.12371063232422,0.1925632667439914,-0.007418099790811539,0.03894861415028572,0.003058703703703704,0.007521972777777779,False
sub-115,03,trust,sub-115_task-trust_run-03_bold.json,0.5003849964404473,2604.791748046875,1.2078683905581389,1.011078376883721,86.8627700805664,0.1443339042065522,-0.00803413800895214,0.03905101493000984,0.0025647685185185183,0.005062159583333333,False
sub-115,02,trust,sub-115_task-trust_run-02_bold.json,0.5008505831279507,2598.4677734375,1.2157306206046508,1.0101070524651166,67.49388885498047,0.16431642385607706,-0.008666958659887314,0.03915276750922203,0.003832453703703704,0.009927036481481482,False
sub-115,01,trust,sub-115_task-trust_run-01_bold.json,0.5008088638907192,2608.091064453125,1.1844609571162787,0.9987708125581399,80.54789733886719,0.115284634766804,-0.008478354662656784,0.03890300914645195,0.002798472222222222,0.006250818518518518,False
sub-115,05,trust,sub-115_task-trust_run-05_bold.json,0.4977682756775319,2637.580810546875,1.2024434600930234,1.0062302600930235,61.4563102722168,0.23599422984642945,-0.006577776744961739,0.039814673364162445,0.004458842592592592,0.010870267222222223,False
sub-117,03,trust,sub-117_task-trust_run-03_bold.json,0.49957893567525674,2918.406494140625,1.2566047675813952,0.998701772,83.79495239257812,0.14822381651973032,0.002027110895141959,0.03830774128437042,0.0011287037037037036,0.005310758981481482,False
sub-117,05,trust,sub-117_task-trust_run-05_bold.json,0.5005045615192588,2842.9892578125,1.2216704786976742,0.9798643220930232,74.03614807128906,0.1477565398276593,0.0023404399398714304,0.03742815554141998,0.0011138425925925927,0.006993539120370372,False
sub-117,01,trust,sub-117_task-trust_run-01_bold.json,0.5003830119578114,2905.927978515625,1.196191364418604,0.9794227736279078,73.40785217285156,0.14767449039703842,0.0018161252373829484,0.0381212942302227,0.0012300925925925925,0.007831200740740741,False
sub-117,02,trust,sub-117_task-trust_run-02_bold.json,0.49993835254174085,2906.205078125,1.2215142118604652,0.977403667348837,74.39175415039062,0.15138818667809267,0.0018684747628867626,0.03842760622501373,0.0016918055555555556,0.007156174444444445,False
sub-117,04,trust,sub-117_task-trust_run-04_bold.json,0.4997837884055329,2898.2978515625,1.1911273551388892,0.9506762739351857,67.30616760253906,0.15134390600769088,0.002178414724767208,0.03845801204442978,0.0010759447004608294,0.00954488599078341,False
sub-120,03,trust,sub-120_task-trust_run-03_bold.json,0.5338012936290669,2650.87939453125,1.149252303925234,0.9578775565887853,58.81414031982422,0.14949373552809186,0.0109378881752491,0.03845391795039177,0.0021728837209302326,0.01145974660465116,False
sub-120,04,trust,sub-120_task-trust_run-04_bold.json,0.5374351519466251,2536.897216796875,1.2155482898139531,1.0243536108372098,45.2805290222168,0.3665534081524232,0.010134571231901646,0.03899470344185829,0.00926222222222222,0.020954078194444444,False
sub-120,01,trust,sub-120_task-trust_run-01_bold.json,0.5313951535349448,2727.411376953125,1.2344938113084114,1.0041037299532707,99.82262420654297,0.06379322662175924,0.010827289894223213,0.03725798428058624,0.0009280930232558139,0.003452465116279069,False
sub-120,02,trust,sub-120_task-trust_run-02_bold.json,0.532269633849195,2690.200439453125,1.237982546728972,1.0105222898130835,92.49592590332031,0.08576437081066694,0.010934100486338139,0.038096360862255096,0.0013329302325581394,0.004116079023255814,False
sub-120,05,trust,sub-120_task-trust_run-05_bold.json,0.5332144730932626,2629.3388671875,1.0307004105092592,0.9105589335185187,34.68315124511719,0.5852260784524543,0.011230330914258957,0.038234926760196686,0.00398036866359447,0.044355819815668204,False
sub-116,03,trust,sub-116_task-trust_run-03_bold.json,0.5029761444384867,2019.5565185546875,0.9450674334722226,0.8990532401388883,40.31883239746094,0.2640179166884823,-0.0020355829037725925,0.0404198095202446,0.0019166359447004607,0.026491056682027652,False
sub-116,04,trust,sub-116_task-trust_run-04_bold.json,0.5026237183631063,1988.7354736328125,1.0591556207476636,1.0158001804672896,42.2236213684082,0.30458458119440635,-0.002373812720179558,0.041867729276418686,0.008601906976744187,0.02174788376744186,False
sub-116,02,trust,sub-116_task-trust_run-02_bold.json,0.5001050941850326,2065.37939453125,0.9897473855555551,0.9368266910648159,45.16316223144531,0.2032720421623575,0.00012818600225728005,0.03433805704116821,0.002919493087557604,0.020374177050691247,False
sub-116,01,trust,sub-116_task-trust_run-01_bold.json,0.5002416626718833,2032.5440673828125,1.1119333837962964,1.0067614057407408,59.763092041015625,0.19919680857928806,-0.00041572211193852127,0.03591542690992355,0.003014930875576037,0.010280786728110598,False
sub-116,05,trust,sub-116_task-trust_run-05_bold.json,0.5041807253984637,2002.740234375,1.0100165382407407,0.9995632523148152,35.978172302246094,0.37360109797261276,-0.0026812409050762653,0.04089406505227089,0.006349216589861751,0.026309364792626733,False
sub-138,02,trust,sub-138_task-trust_run-02_bold.json,0.5527713690623121,1449.7578125,1.2953431926511632,1.0394178015813957,43.640525817871094,0.5590616106172343,-0.009076708927750587,0.04852117598056793,0.0038310185185185188,0.014908232685185185,False
sub-138,05,trust,sub-138_task-trust_run-05_bold.json,0.5488208053568192,1550.6177978515625,1.2171084152558138,0.9935911873023248,33.67578887939453,0.7074021686807516,-0.004527805373072624,0.052739255130290985,0.0030760648148148153,0.022488706018518517,True
sub-138,03,trust,sub-138_task-trust_run-03_bold.json,0.5524361719043612,1468.1861572265625,1.2453387292558145,1.00622029688372,36.421104431152344,0.6786164939026406,-0.008050521835684776,0.04904753342270851,0.0035651851851851856,0.018952589861111115,True
sub-138,04,trust,sub-138_task-trust_run-04_bold.json,0.5529342770459662,1449.3934326171875,1.2862157775925924,1.007339684166667,41.283935546875,0.6460829486144438,-0.0086360489949584,0.049695562571287155,0.003052027649769585,0.01424879460829493,True
sub-138,01,trust,sub-138_task-trust_run-01_bold.json,0.5520197011620958,1482.845703125,1.3181679202325578,1.0462255322790697,44.094154357910156,0.6050043881024435,-0.009866720996797085,0.048108652234077454,0.004325601851851852,0.013310867546296299,False
sub-124,05,trust,sub-124_task-trust_run-05_bold.json,0.5118992353050705,1999.5389404296875,1.1477007686574074,1.0327278826851851,55.33325958251953,0.2245157874117327,-0.006985935848206282,0.03267266973853111,0.007612718894009216,0.012695649723502305,False
sub-124,04,trust,sub-124_task-trust_run-04_bold.json,0.5121702975923801,1970.9425048828125,1.2241635536574067,1.0607364500925922,67.385986328125,0.17951736625838505,-0.006841256748884916,0.033497899770736694,0.008535714285714284,0.008726428571428572,False
sub-124,01,trust,sub-124_task-trust_run-01_bold.json,0.5111626314321357,1984.039306640625,1.243323327314815,1.088551951388889,71.97550201416016,0.1273756602562898,-0.006675701588392258,0.03350658342242241,0.00804373271889401,0.00743544866359447,False
sub-124,02,trust,sub-124_task-trust_run-02_bold.json,0.5153526861102764,1892.444580078125,1.1483363092093026,1.0040328798604654,70.21156311035156,0.15399876123343456,-0.009789369069039822,0.032183799892663956,0.0040285648148148155,0.007468672083333332,False
sub-124,03,trust,sub-124_task-trust_run-03_bold.json,0.5115512292137429,1976.12646484375,1.169232971627908,1.0154324803255805,92.41314697265625,0.11925297476213031,-0.006962630897760391,0.033300939947366714,0.001792824074074074,0.004824059305555556,False
sub-126,04,trust,sub-126_task-trust_run-04_bold.json,0.5385407342841987,2131.441162109375,1.0248605732558147,0.940252673488372,34.7900390625,0.32568139093443566,-0.0008255364373326302,0.028195761144161224,0.010576203703703704,0.031079102777777774,False
sub-126,05,trust,sub-126_task-trust_run-05_bold.json,0.5305816058579917,2345.7333984375,1.0933848674074076,1.0056227509259255,36.06480026245117,0.3743723526743689,0.00351594015955925,0.024456903338432312,0.01928377880184332,0.031109873640553,False
sub-126,01,trust,sub-126_task-trust_run-01_bold.json,0.5394278431243135,2155.26708984375,1.211091222232559,0.9816917648372093,82.8479232788086,0.07069105068410526,-0.002219511428847909,0.02859662100672722,0.002194537037037037,0.0052839089814814815,False
sub-126,03,trust,sub-126_task-trust_run-03_bold.json,0.5400000957534953,2118.83984375,1.3239475926635504,1.0896767192523364,74.083984375,0.12622201464174218,-0.00154059415217489,0.02949809841811657,0.011076697674418604,0.006158990232558139,False
sub-126,02,trust,sub-126_task-trust_run-02_bold.json,0.5394646913587114,2134.08056640625,1.1760537581308412,0.9598130851869159,71.90284729003906,0.09406594809823458,-0.001586716971360147,0.02836315892636776,0.0031359069767441863,0.007846722325581397,False
sub-109,02,trust,sub-109_task-trust_run-02_bold.json,0.5066104988767038,2369.38671875,1.3152088726511624,0.977744873720931,71.07470703125,0.1569079311022456,-0.0017434140900149941,0.035955049097537994,0.0013083796296296298,0.008988769444444444,False
sub-109,01,trust,sub-109_task-trust_run-01_bold.json,0.5047498659980574,2391.218017578125,1.3613197880555563,0.9884795148611109,87.10820007324219,0.13364742534519233,-0.00038165212026797235,0.033882878720760345,0.0007393087557603687,0.005756811889400922,False
sub-133,05,trust,sub-133_task-trust_run-05_bold.json,0.5035403689333688,2077.127197265625,1.3057187224651174,1.020738701720931,81.10627746582031,0.28242488574006497,-0.013073904439806938,0.03025158680975437,0.0037843055555555555,0.005385958842592592,False
sub-133,04,trust,sub-133_task-trust_run-04_bold.json,0.5028551812014544,2091.456298828125,1.3291796691162792,1.0261487139534884,85.43729400634766,0.26682969458767947,-0.013480001129209995,0.02989107556641102,0.00380949074074074,0.004913359629629629,False
sub-133,03,trust,sub-133_task-trust_run-03_bold.json,0.5020060030408117,2106.955078125,1.3252162894883726,1.0256832268837213,83.03345489501953,0.24336547678420503,-0.013684491626918316,0.0299807321280241,0.004055324074074074,0.005256299212962963,False
sub-133,01,trust,sub-133_task-trust_run-01_bold.json,0.5016887113284619,2131.692138671875,1.2911741167906978,1.0132348737209305,71.86193084716797,0.2396383862488543,-0.013955650851130486,0.029893197119235992,0.0041212962962962965,0.006979022037037037,False
sub-133,02,trust,sub-133_task-trust_run-02_bold.json,0.5014393881463909,2122.38232421875,1.346195597906977,1.0492707647441857,81.62760162353516,0.26411603403012257,-0.013594632968306541,0.029624398797750473,0.006073796296296297,0.005119485972222222,False
sub-130,01,trust,sub-130_task-trust_run-01_bold.json,0.5008585661603723,1847.8719482421875,1.1040615450925924,0.9718881824537041,35.106956481933594,0.4320197217914515,-0.0066959448158741,0.021430376917123795,0.005376589861751153,0.030255699539170504,False
sub-130,05,trust,sub-130_task-trust_run-05_bold.json,0.4962728327057648,1856.46826171875,1.1673766907441856,0.984730352046511,41.39088439941406,0.4074872326500558,-0.0016609916929155588,0.022857649251818657,0.0026311574074074076,0.01915657648148148,False
sub-130,02,trust,sub-130_task-trust_run-02_bold.json,0.5001920957078645,1832.9468994140625,1.2210743201395344,1.0088693733488372,51.25840377807617,0.33642239467329815,-0.005917618051171303,0.02270095981657505,0.004089861111111111,0.01304422476851852,False
sub-130,04,trust,sub-130_task-trust_run-04_bold.json,0.4954901347134239,1897.842529296875,1.1349231918604652,0.982884928883721,40.77107620239258,0.43485036490009205,-0.0009272146271541715,0.022578958421945572,0.0023667592592592594,0.020193641944444445,False
sub-130,03,trust,sub-130_task-trust_run-03_bold.json,0.4934198232035459,1964.245849609375,1.1121125613953486,1.0727252413488377,31.88714599609375,0.4868790089500442,-0.0006499252049252391,0.020672671496868134,0.006489351851851853,0.03622583333333334,False
sub-121,03,trust,sub-121_task-trust_run-03_bold.json,0.48787977911047226,2570.831298828125,1.2400049901388892,1.006034967083333,73.86512756347656,0.1399615146602583,-0.0012940000742673874,0.031700171530246735,0.0025223502304147468,0.007450459078341014,False
sub-121,02,trust,sub-121_task-trust_run-02_bold.json,0.4883510486346148,2557.724853515625,1.2361907665581398,0.9999555238139537,87.47328186035156,0.13522762875175526,-0.00162143399938941,0.03222344070672989,0.001898564814814815,0.004943996203703704,False
sub-121,04,trust,sub-121_task-trust_run-04_bold.json,0.4876064166273803,2558.26904296875,1.2657032789201883,1.0272494499061036,92.4226303100586,0.13078131310881294,-0.0008332859724760056,0.031478915363550186,0.0023599532710280374,0.004506992710280374,False
sub-121,05,trust,sub-121_task-trust_run-05_bold.json,0.48817632395890154,2549.909423828125,1.2795774106976743,1.0323054862325582,85.78204345703125,0.1324699338572063,-0.0008119709673337638,0.03165333718061447,0.0032661574074074077,0.005217082824074075,False
sub-121,01,trust,sub-121_task-trust_run-01_bold.json,0.4882481261488178,2566.48193359375,1.2355567361395345,0.9918665023720933,82.17608642578125,0.12052554103060377,-0.002046250971034169,0.031273480504751205,0.0014900462962962962,0.005730562268518519,False
sub-122,01,trust,sub-122_task-trust_run-01_bold.json,0.5230984375512485,2080.868408203125,1.3798594222685172,1.0086651876388895,91.26252746582031,0.1548186239270999,-0.004726463463157415,0.020163973793387413,0.0012531336405529954,0.004211032488479263,False
sub-122,05,trust,sub-122_task-trust_run-05_bold.json,0.5253152850630348,2020.310791015625,1.3444856132870373,1.0107931976388889,95.7486572265625,0.1478097553909379,-0.0057313209399580956,0.019956938922405243,0.0012304147465437788,0.0038375673732718887,False
sub-122,04,trust,sub-122_task-trust_run-04_bold.json,0.5251047494961195,2026.98486328125,1.3480581899069768,0.9845637258139536,87.35592651367188,0.13831000389747977,-0.005002071149647236,0.021000830456614494,0.0008900925925925926,0.004620907175925926,False
sub-122,02,trust,sub-122_task-trust_run-02_bold.json,0.5233174973731224,2059.045166015625,1.373899295860465,0.9988789665581389,94.62191772460938,0.12172328331884595,-0.004689500201493502,0.020213991403579712,0.0010068518518518517,0.003956299953703704,False
sub-122,03,trust,sub-122_task-trust_run-03_bold.json,0.5242815049153774,2041.70849609375,1.349521971209302,0.9911605897209297,92.23321533203125,0.1321354067598848,-0.004711227957159281,0.02112182043492794,0.0006822685185185186,0.0041749038888888885,False
sub-129,01,trust,sub-129_task-trust_run-01_bold.json,0.5368288473994868,1414.4415283203125,1.2290663280930239,1.0258185674418603,40.93906784057617,0.555406928837181,-0.006551412865519524,0.03091106377542019,0.0045510185185185185,0.01642878458333333,False
sub-129,05,trust,sub-129_task-trust_run-05_bold.json,0.5379464719385099,1383.228759765625,1.1956756843925234,1.0538550024299067,34.41057586669922,0.6633878675185518,-0.005952361971139908,0.031023817136883736,0.00946386046511628,0.02119976837209302,True
sub-129,03,trust,sub-129_task-trust_run-03_bold.json,0.5372788739390498,1401.341064453125,1.2497940469767446,1.050869554744186,37.91222381591797,0.6580552360838537,-0.0063130673952400684,0.031484849750995636,0.005614166666666667,0.019021508101851853,True
sub-129,04,trust,sub-129_task-trust_run-04_bold.json,0.5371672467907818,1402.7158203125,1.2407060403720926,1.048169656418604,37.49561309814453,0.7233752879369003,-0.0062807765789330006,0.030355095863342285,0.006394074074074075,0.01864963486111111,True
sub-129,02,trust,sub-129_task-trust_run-02_bold.json,0.5367938483420904,1402.6885986328125,1.2099538761395352,1.008003070139535,40.450653076171875,0.5495937860540875,-0.006129763089120388,0.031658437103033066,0.0037308333333333334,0.017605196805555553,False
sub-137,05,trust,sub-137_task-trust_run-05_bold.json,0.5329526566909613,1715.98828125,1.2710087310185185,0.9811027463425928,51.91503143310547,0.30750488710132423,-0.009782450273633003,0.046890802681446075,0.005957972350230415,0.014915990599078341,False
sub-137,04,trust,sub-137_task-trust_run-04_bold.json,0.5315210328766887,1739.333984375,1.3960221390232557,1.0395125096279065,64.07369995117188,0.27744646332496953,-0.00966345053166151,0.046519581228494644,0.00588537037037037,0.009654833287037036,False
sub-137,01,trust,sub-137_task-trust_run-01_bold.json,0.5313211864548804,1806.40234375,1.4136973961574075,1.0093575602314815,76.40470123291016,0.23544420397021695,-0.010141300037503242,0.041211701929569244,0.002906082949308756,0.0076326525806451615,False
sub-137,02,trust,sub-137_task-trust_run-02_bold.json,0.5309761119856283,1758.9599609375,1.3813091468518524,1.0098408616203696,74.2271728515625,0.23215918320313045,-0.010084777139127254,0.045868899673223495,0.002422626728110599,0.007890296036866359,False
sub-137,03,trust,sub-137_task-trust_run-03_bold.json,0.5316838506565867,1741.822265625,1.4224170330092594,1.0618481784722222,64.4458999633789,0.29430310174384655,-0.010227368213236332,0.0461709164083004,0.008011705069124424,0.009438136635944703,False
sub-104,02,trust,sub-104_task-trust_run-02_bold.json,0.529690933969508,2319.981689453125,1.2986359530232556,1.039891107906977,70.57506561279297,0.11492244241075206,-0.0012556052533909678,0.043867725878953934,0.005969537037037037,0.008256023194444444,False
sub-104,03,trust,sub-104_task-trust_run-03_bold.json,0.5283459057611646,2335.2158203125,1.2891450585981317,1.0412307633177569,61.213768005371094,0.15294460669763463,0.00011978071415796876,0.04320864751935005,0.007399209302325582,0.010020977534883721,False
sub-104,04,trust,sub-104_task-trust_run-04_bold.json,0.5270830080728197,2371.54443359375,1.2195930255813958,0.9911743376744186,62.738765716552734,0.12832460293251804,0.000126825732877478,0.043790802359580994,0.005455555555555555,0.009353702314814813,False
sub-104,05,trust,sub-104_task-trust_run-05_bold.json,0.5284992972485423,2350.814453125,1.2591178311682232,1.0180706970093452,82.35385131835938,0.06599284412714267,-0.00021460455900523812,0.043791692703962326,0.0025587906976744183,0.005872909441860466,False
sub-104,01,trust,sub-104_task-trust_run-01_bold.json,0.5298120776140526,2371.6640625,1.332018056481482,1.0230902098148151,87.58965301513672,0.08451152959195232,-0.0017374461749568582,0.04501315578818321,0.0027055299539170503,0.005063776866359447,False
sub-110,01,trust,sub-110_task-trust_run-01_bold.json,0.5565073380318617,1977.4559326171875,1.2483353597209308,0.9893197377209305,68.50035095214844,0.08390214268039647,0.012519020587205887,0.053595516830682755,0.006558518518518519,0.007797434166666667,False
sub-110,02,trust,sub-110_task-trust_run-02_bold.json,0.5591656427263743,1915.0745849609375,1.169026223767442,0.9704223402790702,66.357666015625,0.06332392959798518,0.011841772124171257,0.05522112175822258,0.0029160648148148145,0.009286144861111111,False
